Date,Price,Open,High,Low,Vol.,Change %,range,timestamp,target,segment
2023-07-07,30346.4,29912.7,30442.0,29757.4,46420.0,1.45,684.5999999999985,2023-07-07,30346.4,main
2023-07-06,29913.1,30512.8,31463.6,29869.0,90810.0,-1.97,1594.5999999999985,2023-07-06,29913.1,main
2023-07-05,30512.8,30768.6,30875.6,30233.3,43230.0,-0.83,642.2999999999993,2023-07-05,30512.8,main
2023-07-04,30768.4,31152.0,31326.5,30657.8,42120.0,-1.23,668.7000000000007,2023-07-04,30768.4,main
2023-07-03,31151.3,30617.5,31377.0,30581.5,56490.0,1.74,795.5,2023-07-03,31151.3,main
2023-07-02,30617.7,30587.1,30769.0,30227.9,28820.0,0.1,541.0999999999985,2023-07-02,30617.7,main
2023-07-01,30586.8,30472.9,30649.9,30329.0,22460.0,0.37,320.90000000000146,2023-07-01,30586.8,main
2023-06-30,30472.9,30445.7,31275.5,29714.5,118650.0,0.09,1561.0,2023-06-30,30472.9,main
2023-06-29,30445.7,30077.3,30823.1,30051.3,49570.0,1.22,771.7999999999993,2023-06-29,30445.7,main
2023-06-28,30078.6,30691.9,30703.4,29919.5,51060.0,-1.99,783.9000000000015,2023-06-28,30078.6,main
2023-06-27,30689.1,30267.0,30993.7,30231.3,55820.0,1.39,762.4000000000015,2023-06-27,30689.1,main
2023-06-26,30267.0,30466.3,30645.9,29986.3,58710.0,-0.65,659.6000000000022,2023-06-26,30267.0,main
2023-06-25,30465.3,30533.6,31040.2,30315.8,37120.0,-0.22,724.4000000000015,2023-06-25,30465.3,main
2023-06-24,30533.6,30680.7,30795.3,30269.4,38150.0,-0.48,525.8999999999978,2023-06-24,30533.6,main
2023-06-23,30679.4,29890.2,31395.4,29822.6,98850.0,2.64,1572.800000000003,2023-06-23,30679.4,main
2023-06-22,29890.5,29992.8,30497.8,29590.4,79220.0,-0.35,907.3999999999978,2023-06-22,29890.5,main
2023-06-21,29996.9,28307.7,30769.5,28270.5,143490.0,5.97,2499.0,2023-06-21,29996.9,main
2023-06-20,28307.7,26845.9,28393.0,26665.5,100550.0,5.44,1727.5,2023-06-20,28307.7,main
2023-06-19,26845.9,26339.7,27029.7,26295.1,46450.0,1.92,734.6000000000022,2023-06-19,26845.9,main
2023-06-18,26339.7,26515.0,26679.3,26290.6,27310.0,-0.66,388.7000000000007,2023-06-18,26339.7,main
2023-06-17,26515.0,26341.3,26767.3,26183.5,35860.0,0.66,583.7999999999993,2023-06-17,26515.0,main
2023-06-16,26341.3,25591.9,26472.8,25276.0,69240.0,2.93,1196.7999999999993,2023-06-16,26341.3,main
2023-06-15,25591.3,25129.5,25732.8,24838.0,68380.0,1.84,894.7999999999993,2023-06-15,25591.3,main
2023-06-14,25129.5,25929.0,26051.7,24847.4,60820.0,-3.08,1204.2999999999993,2023-06-14,25129.5,main
2023-06-13,25929.4,25906.9,26428.9,25726.4,56240.0,0.09,702.5,2023-06-13,25929.4,main
2023-06-12,25906.8,25927.9,26080.7,25635.0,40750.0,-0.08,445.7000000000007,2023-06-12,25906.8,main
2023-06-11,25928.4,25843.3,26190.1,25660.8,39200.0,0.33,529.2999999999993,2023-06-11,25928.4,main
2023-06-10,25844.0,26479.3,26525.1,25468.3,83570.0,-2.4,1056.7999999999993,2023-06-10,25844.0,main
2023-06-09,26479.3,26501.1,26773.9,26326.7,38960.0,-0.08,447.2000000000007,2023-06-09,26479.3,main
2023-06-08,26501.1,26341.8,26784.4,26231.3,39950.0,0.6,553.1000000000022,2023-06-08,26501.1,main
2023-06-07,26342.5,27230.2,27342.0,26141.0,77480.0,-3.26,1201.0,2023-06-07,26342.5,main
2023-06-06,27230.2,25745.6,27325.2,25425.6,88610.0,5.76,1899.6000000000022,2023-06-06,27230.2,main
2023-06-05,25747.4,27122.3,27125.5,25437.5,85420.0,-5.07,1688.0,2023-06-05,25747.4,main
2023-06-04,27122.3,27070.9,27410.2,26956.1,23810.0,0.19,454.1000000000022,2023-06-04,27122.3,main
2023-06-03,27072.0,27246.0,27317.5,26931.4,20620.0,-0.63,386.09999999999854,2023-06-03,27072.0,main
2023-06-02,27244.7,26819.0,27299.4,26541.3,49370.0,1.59,758.1000000000022,2023-06-02,27244.7,main
2023-06-01,26819.0,27216.4,27340.9,26662.3,51980.0,-1.46,678.6000000000022,2023-06-01,26819.0,main
2023-05-31,27216.1,27696.9,27825.0,26865.1,63080.0,-1.74,959.9000000000015,2023-05-31,27216.1,main
2023-05-30,27698.2,27738.9,28033.6,27583.8,45190.0,-0.15,449.7999999999993,2023-05-30,27698.2,main
2023-05-29,27739.4,28068.4,28431.2,27548.8,54560.0,-1.18,882.4000000000015,2023-05-29,27739.4,main
2023-05-28,28071.2,26855.3,28181.9,26788.5,55230.0,4.52,1393.4000000000015,2023-05-28,28071.2,main
2023-05-27,26857.5,26711.2,26882.9,26591.2,18680.0,0.55,291.7000000000007,2023-05-27,26857.5,main
2023-05-26,26711.5,26475.5,26911.6,26330.0,45880.0,0.89,581.5999999999985,2023-05-26,26711.5,main
2023-05-25,26475.8,26327.1,26589.2,25892.5,50170.0,0.56,696.7000000000007,2023-05-25,26475.8,main
2023-05-24,26328.4,27220.7,27220.7,26088.7,72650.0,-3.28,1132.0,2023-05-24,26328.4,main
2023-05-23,27220.7,26851.6,27448.1,26804.1,50890.0,1.39,644.0,2023-05-23,27220.7,main
2023-05-22,26847.3,26749.9,27048.9,26546.1,35560.0,0.36,502.8000000000029,2023-05-22,26847.3,main
2023-05-21,26749.9,27116.2,27257.1,26677.6,27420.0,-1.35,579.5,2023-05-21,26749.9,main
2023-05-20,27116.2,26883.0,27147.2,26831.3,17720.0,0.87,315.90000000000146,2023-05-20,27116.2,main
2023-05-19,26882.9,26828.2,27154.7,26711.3,36670.0,0.2,443.40000000000146,2023-05-19,26882.9,main
2023-05-18,26828.0,27403.8,27467.0,26449.8,63390.0,-2.1,1017.2000000000007,2023-05-18,26828.0,main
2023-05-17,27403.1,27035.5,27465.3,26597.7,58140.0,1.36,867.5999999999985,2023-05-17,27403.1,main
2023-05-16,27035.3,27183.9,27295.3,26881.9,45290.0,-0.55,413.3999999999978,2023-05-16,27035.3,main
2023-05-15,27183.9,26920.4,27651.7,26752.1,53270.0,0.98,899.6000000000022,2023-05-15,27183.9,main
2023-05-14,26920.0,26777.4,27176.1,26609.9,26350.0,0.53,566.1999999999971,2023-05-14,26920.0,main
2023-05-13,26777.5,26798.7,27011.9,26695.6,27950.0,-0.08,316.3000000000029,2023-05-13,26777.5,main
2023-05-12,26799.2,26983.1,27044.0,25853.1,87490.0,-0.68,1190.9000000000015,2023-05-12,26799.2,main
2023-05-11,26983.5,27604.3,27607.4,26766.2,62850.0,-2.25,841.2000000000007,2023-05-11,26983.5,main
2023-05-10,27603.3,27634.3,28311.7,26885.7,91450.0,-0.11,1426.0,2023-05-10,27603.3,main
2023-05-09,27634.9,27670.5,27816.0,27366.3,49750.0,-0.13,449.7000000000007,2023-05-09,27634.9,main
2023-05-08,27670.5,28424.8,28627.8,27280.3,85720.0,-2.65,1347.5,2023-05-08,27670.5,main
2023-05-07,28424.8,28857.1,29122.0,28419.6,36500.0,-1.5,702.4000000000015,2023-05-07,28424.8,main
2023-05-06,28857.1,29512.8,29816.4,28414.9,58940.0,-2.22,1401.5,2023-05-06,28857.1,main
2023-05-05,29513.2,28842.2,29653.9,28825.3,74520.0,2.33,828.6000000000022,2023-05-05,29513.2,main
2023-05-04,28842.1,29023.6,29352.7,28687.4,53800.0,-0.63,665.2999999999993,2023-05-04,28842.1,main
2023-05-03,29023.6,28669.1,29244.7,28164.4,81220.0,1.24,1080.2999999999993,2023-05-03,29023.6,main
2023-05-02,28669.1,28079.0,28877.4,27913.2,65330.0,2.11,964.2000000000007,2023-05-02,28669.1,main
2023-05-01,28077.6,29252.1,29329.6,27685.9,84360.0,-4.02,1643.699999999997,2023-05-01,28077.6,main
2023-04-30,29252.1,29235.1,29941.3,29095.0,47620.0,0.06,846.2999999999993,2023-04-30,29252.1,main
2023-04-29,29234.1,29318.4,29425.5,29058.5,25720.0,-0.3,367.0,2023-04-29,29234.1,main
2023-04-28,29321.8,29475.9,29587.2,28927.8,69880.0,-0.52,659.4000000000015,2023-04-28,29321.8,main
2023-04-27,29475.9,28424.5,29859.8,28392.4,121630.0,3.7,1467.3999999999978,2023-04-27,29475.9,main
2023-04-26,28424.6,28298.8,29995.7,27307.8,164310.0,0.44,2687.9000000000015,2023-04-26,28424.6,main
2023-04-25,28298.8,27510.1,28375.6,27201.1,65310.0,2.87,1174.5,2023-04-25,28298.8,main
2023-04-24,27509.3,27591.4,27978.8,27054.3,66740.0,-0.3,924.5,2023-04-24,27509.3,main
2023-04-23,27591.4,27813.8,27815.0,27388.5,41770.0,-0.8,426.5,2023-04-23,27591.4,main
2023-04-22,27813.9,27264.8,27872.0,27165.7,44300.0,2.01,706.2999999999993,2023-04-22,27813.9,main
2023-04-21,27264.8,28240.5,28353.4,27171.1,98720.0,-3.46,1182.300000000003,2023-04-21,27264.8,main
2023-04-20,28240.5,28813.7,29082.1,28032.4,95450.0,-1.99,1049.699999999997,2023-04-20,28240.5,main
2023-04-19,28813.7,30382.2,30408.4,28641.1,111270.0,-5.16,1767.300000000003,2023-04-19,28813.7,main
2023-04-18,30382.2,29434.1,30470.1,29149.2,76580.0,3.22,1320.8999999999978,2023-04-18,30382.2,main
2023-04-17,29434.9,30310.8,30312.2,29274.0,71900.0,-2.89,1038.2000000000007,2023-04-17,29434.9,main
2023-04-16,30310.3,30299.2,30545.3,30134.6,34480.0,0.04,410.7000000000007,2023-04-16,30310.3,main
2023-04-15,30299.6,30472.6,30586.5,30208.8,31710.0,-0.57,377.7000000000007,2023-04-15,30299.6,main
2023-04-14,30472.5,30387.4,30964.9,30026.0,98380.0,0.28,938.9000000000015,2023-04-14,30472.5,main
2023-04-13,30387.4,29892.4,30524.1,29864.5,65870.0,1.68,659.5999999999985,2023-04-13,30387.4,main
2023-04-12,29886.4,30209.8,30473.0,29679.5,78690.0,-1.07,793.5,2023-04-12,29886.4,main
2023-04-11,30209.6,29641.0,30484.6,29597.8,89380.0,1.92,886.7999999999993,2023-04-11,30209.6,main
2023-04-10,29641.0,28326.5,29755.4,28182.9,85730.0,4.64,1572.5,2023-04-10,29641.0,main
2023-04-09,28326.6,27941.2,28522.7,27809.2,39350.0,1.38,713.5,2023-04-09,28326.6,main
2023-04-08,27941.2,27910.4,28153.1,27863.8,23730.0,0.11,289.2999999999993,2023-04-08,27941.2,main
2023-04-07,27910.4,28037.6,28102.5,27779.4,30940.0,-0.45,323.09999999999854,2023-04-07,27910.4,main
2023-04-06,28036.7,28173.5,28173.5,27734.5,51290.0,-0.49,439.0,2023-04-06,28036.7,main
2023-04-05,28173.5,28164.4,28744.4,27823.5,77320.0,0.03,920.9000000000015,2023-04-05,28173.5,main
2023-04-04,28164.4,27802.2,28429.1,27668.9,64060.0,1.3,760.1999999999971,2023-04-04,28164.4,main
2023-04-03,27802.1,28194.7,28458.4,27256.9,98000.0,-1.41,1201.5,2023-04-03,27802.1,main
2023-04-02,28198.3,28456.1,28522.8,27871.7,45040.0,-0.91,651.0999999999985,2023-04-02,28198.3,main
2023-04-01,28456.1,28473.7,28795.1,28285.6,38090.0,-0.06,509.5,2023-04-01,28456.1,main
2023-03-31,28473.7,28029.3,28646.3,27587.5,98440.0,1.58,1058.7999999999993,2023-03-31,28473.7,main
2023-03-30,28029.5,28350.3,29160.4,27716.7,122510.0,-1.13,1443.7000000000007,2023-03-30,28029.5,main
2023-03-29,28350.4,27262.9,28627.4,27249.8,109320.0,3.99,1377.6000000000022,2023-03-29,28350.4,main
2023-03-28,27262.2,27127.8,27465.0,26665.6,94160.0,0.49,799.4000000000015,2023-03-28,27262.2,main
2023-03-27,27129.8,27974.8,28023.3,26611.5,107240.0,-3.02,1411.7999999999993,2023-03-27,27129.8,main
2023-03-26,27973.5,27474.9,28153.7,27429.1,60640.0,1.81,724.6000000000022,2023-03-26,27973.5,main
2023-03-25,27475.6,27462.2,27761.9,27176.7,61360.0,0.05,585.2000000000007,2023-03-25,27475.6,main
2023-03-24,27462.2,28306.9,28374.5,27026.5,110360.0,-3.0,1348.0,2023-03-24,27462.2,main
2023-03-23,28310.7,27262.8,28734.1,27144.6,158460.0,3.85,1589.5,2023-03-23,28310.7,main
2023-03-22,27261.7,28114.2,28760.3,26668.7,262029.99999999997,-3.03,2091.5999999999985,2023-03-22,27261.7,main
2023-03-21,28114.0,27719.8,28437.8,27350.6,438780.0,1.42,1087.2000000000007,2023-03-21,28114.0,main
2023-03-20,27720.5,27958.9,28457.8,27157.0,503900.0,-0.85,1300.7999999999993,2023-03-20,27720.5,main
2023-03-19,27958.7,26914.5,28347.3,26844.6,393270.0,3.88,1502.7000000000007,2023-03-19,27958.7,main
2023-03-18,26914.5,27391.9,27659.1,26688.7,392470.0,-1.74,970.3999999999978,2023-03-18,26914.5,main
2023-03-17,27391.8,25004.4,27742.2,24900.1,674960.0,9.55,2842.100000000002,2023-03-17,27391.8,main
2023-03-16,25004.1,24283.2,25139.0,24147.9,462580.0,2.97,991.0999999999985,2023-03-16,25004.1,main
2023-03-15,24282.7,24699.6,25108.9,23932.4,614310.0,-1.69,1176.5,2023-03-15,24282.7,main
2023-03-14,24699.7,24121.5,26365.9,23994.6,753060.0,2.43,2371.300000000003,2023-03-14,24699.7,main
2023-03-13,24114.4,21994.8,24406.2,21859.6,733630.0,9.64,2546.600000000002,2023-03-13,24114.4,main
2023-03-12,21994.8,20465.0,22028.6,20294.2,455690.0,7.46,1734.3999999999978,2023-03-12,21994.8,main
2023-03-11,20467.5,20156.5,20669.5,19796.7,453460.0,1.54,872.7999999999993,2023-03-11,20467.5,main
2023-03-10,20156.7,20362.0,20362.6,19591.8,655270.0,-1.01,770.7999999999993,2023-03-10,20156.7,main
2023-03-09,20361.8,21710.8,21826.5,20079.6,468760.0,-6.21,1746.9000000000015,2023-03-09,20361.8,main
2023-03-08,21710.8,22197.8,22274.3,21661.3,316510.0,-2.19,613.0,2023-03-08,21710.8,main
2023-03-07,22197.8,22410.1,22535.1,21968.6,304750.0,-0.95,566.5,2023-03-07,22197.8,main
2023-03-06,22410.0,22428.2,22595.4,22320.1,215310.0,-0.08,275.3000000000029,2023-03-06,22410.0,main
2023-03-05,22428.3,22347.1,22636.7,22213.5,160570.0,0.36,423.2000000000007,2023-03-05,22428.3,main
2023-03-04,22347.1,22354.7,22403.7,22167.4,123930.0,-0.03,236.29999999999927,2023-03-04,22347.1,main
2023-03-03,22354.4,23465.6,23473.4,22051.9,344630.0,-4.73,1421.5,2023-03-03,22354.4,main
2023-03-02,23465.4,23642.2,23780.5,23208.7,249260.0,-0.75,571.7999999999993,2023-03-02,23465.4,main
2023-03-01,23642.2,23130.6,23914.1,23025.3,328770.0,2.21,888.7999999999993,2023-03-01,23642.2,main
2023-02-28,23130.5,23494.0,23595.0,23033.8,275100.0,-1.55,561.2000000000007,2023-02-28,23130.5,main
2023-02-27,23494.1,23558.7,23876.2,23166.8,297650.0,-0.27,709.4000000000015,2023-02-27,23494.1,main
2023-02-26,23558.7,23166.1,23671.8,23066.0,209120.0,1.69,605.7999999999993,2023-02-26,23558.7,main
2023-02-25,23166.1,23191.3,23215.3,22777.4,198350.0,-0.11,437.8999999999978,2023-02-25,23166.1,main
2023-02-24,23191.5,23936.4,24123.4,22970.3,367990.0,-3.11,1153.1000000000022,2023-02-24,23191.5,main
2023-02-23,23936.3,24186.6,24590.4,23637.9,417460.0,-1.03,952.5,2023-02-23,23936.3,main
2023-02-22,24186.6,24450.7,24474.3,23593.4,400240.0,-1.08,880.8999999999978,2023-02-22,24186.6,main
2023-02-21,24450.7,24839.5,25236.8,24160.8,395970.0,-1.57,1076.0,2023-02-21,24450.7,main
2023-02-20,24839.5,24302.8,25085.4,23868.6,363020.0,2.21,1216.800000000003,2023-02-20,24839.5,main
2023-02-19,24302.9,24631.3,25175.2,24273.7,312640.0,-1.33,901.5,2023-02-19,24302.9,main
2023-02-18,24631.4,24573.5,24838.9,24457.0,223770.0,0.24,381.90000000000146,2023-02-18,24631.4,main
2023-02-17,24573.5,23538.2,24984.7,23373.0,523850.0,4.39,1611.7000000000007,2023-02-17,24573.5,main
2023-02-16,23539.6,24328.1,25233.8,23525.9,484500.0,-3.24,1707.8999999999978,2023-02-16,23539.6,main
2023-02-15,24327.9,22198.5,24330.9,22050.8,401530.0,9.59,2280.100000000002,2023-02-15,24327.9,main
2023-02-14,22198.5,21776.9,22308.6,21556.2,378390.0,1.96,752.3999999999978,2023-02-14,22198.5,main
2023-02-13,21772.6,21782.7,21887.5,21418.7,312040.0,-0.07,468.7999999999993,2023-02-13,21772.6,main
2023-02-12,21786.8,21859.9,22080.7,21653.1,211650.0,-0.33,427.6000000000022,2023-02-12,21786.8,main
2023-02-11,21859.8,21627.4,21902.9,21605.3,182070.0,1.04,297.6000000000022,2023-02-11,21859.8,main
2023-02-10,21635.0,21792.5,21933.6,21491.7,352790.0,-0.72,441.8999999999978,2023-02-10,21635.0,main
2023-02-09,21792.5,22964.6,23003.6,21744.6,425440.0,-5.1,1259.0,2023-02-09,21792.5,main
2023-02-08,22964.6,23251.7,23425.1,22691.7,289120.0,-1.23,733.3999999999978,2023-02-08,22964.6,main
2023-02-07,23251.7,22761.8,23338.8,22748.2,318980.0,2.15,590.5999999999985,2023-02-07,23251.7,main
2023-02-06,22761.8,22936.0,23130.6,22633.7,278580.0,-0.76,496.8999999999978,2023-02-06,22761.8,main
2023-02-05,22936.0,23326.9,23423.4,22766.5,217260.0,-1.66,656.9000000000015,2023-02-05,22936.0,main
2023-02-04,23323.8,23431.2,23571.8,23269.8,170270.0,-0.46,302.0,2023-02-04,23323.8,main
2023-02-03,23431.2,23429.1,23694.1,23233.8,349360.0,0.02,460.2999999999993,2023-02-03,23431.2,main
2023-02-02,23427.6,23726.2,24207.2,23398.1,382860.0,-1.26,809.1000000000022,2023-02-02,23427.6,main
2023-02-01,23725.6,23124.7,23784.5,22809.6,333180.0,2.6,974.9000000000015,2023-02-01,23725.6,main
2023-01-31,23125.1,22832.2,23262.9,22724.9,289380.0,1.28,538.0,2023-01-31,23125.1,main
2023-01-30,22832.2,23746.0,23794.0,22560.0,339620.0,-3.88,1234.0,2023-01-30,22832.2,main
2023-01-29,23753.1,23023.5,23952.9,22973.3,320860.0,3.15,979.6000000000022,2023-01-29,23753.1,main
2023-01-28,23027.9,23074.6,23182.3,22889.8,156960.0,-0.2,292.5,2023-01-28,23027.9,main
2023-01-27,23074.6,23016.0,23480.3,22602.9,310360.0,0.25,877.3999999999978,2023-01-27,23074.6,main
2023-01-26,23016.0,23055.2,23259.5,22869.0,320970.0,-0.17,390.5,2023-01-26,23016.0,main
2023-01-25,23055.1,22632.5,23779.0,22366.3,388180.0,1.87,1412.7000000000007,2023-01-25,23055.1,main
2023-01-24,22632.5,22916.3,23156.1,22517.1,334170.0,-1.23,639.0,2023-01-24,22632.5,main
2023-01-23,22915.5,22709.0,23161.8,22527.9,327850.0,0.91,633.8999999999978,2023-01-23,22915.5,main
2023-01-22,22707.8,22775.7,23068.7,22323.0,280640.0,-0.3,745.7000000000007,2023-01-22,22707.8,main
2023-01-21,22775.7,22677.5,23304.5,22461.1,382690.0,0.43,843.4000000000015,2023-01-21,22775.7,main
2023-01-20,22677.2,21074.9,22718.5,20879.3,373740.0,7.57,1839.2000000000007,2023-01-20,22677.2,main
2023-01-19,21081.2,20670.6,21169.4,20669.7,275760.0,1.99,499.7000000000007,2023-01-19,21081.2,main
2023-01-18,20670.6,21137.1,21584.1,20448.3,388670.0,-2.21,1135.7999999999993,2023-01-18,20670.6,main
2023-01-17,21137.1,21184.4,21506.4,20926.2,310040.0,-0.22,580.2000000000007,2023-01-17,21137.1,main
2023-01-16,21184.2,20880.1,21416.8,20698.9,337460.0,1.46,717.8999999999978,2023-01-16,21184.2,main
2023-01-15,20879.8,20956.0,21032.2,20585.7,205800.0,-0.37,446.5,2023-01-15,20879.8,main
2023-01-14,20958.2,19926.9,21185.6,19898.6,458210.0,5.17,1287.0,2023-01-14,20958.2,main
2023-01-13,19927.0,18850.8,19981.6,18723.8,426670.0,5.71,1257.7999999999993,2023-01-13,19927.0,main
2023-01-12,18851.3,17941.0,19055.3,17915.5,522010.0,5.07,1139.7999999999993,2023-01-12,18851.3,main
2023-01-11,17942.3,17440.5,17989.8,17323.9,291530.0,2.89,665.8999999999978,2023-01-11,17942.3,main
2023-01-10,17439.1,17180.1,17491.0,17151.7,247140.0,1.51,339.2999999999993,2023-01-10,17439.1,main
2023-01-09,17180.1,17119.0,17390.8,17107.1,301240.0,0.36,283.7000000000007,2023-01-09,17180.1,main
2023-01-08,17119.0,16943.6,17119.0,16913.8,144840.0,1.04,205.20000000000073,2023-01-08,17119.0,main
2023-01-07,16943.6,16950.9,16979.6,16909.7,110480.0,-0.04,69.89999999999782,2023-01-07,16943.6,main
2023-01-06,16950.9,16829.8,17012.3,16707.6,233470.0,0.72,304.7000000000007,2023-01-06,16950.9,main
2023-01-05,16829.8,16852.2,16877.9,16772.3,178960.0,-0.13,105.60000000000218,2023-01-05,16829.8,main
2023-01-04,16852.1,16674.2,16976.5,16656.5,247390.0,1.07,320.0,2023-01-04,16852.1,main
2023-01-03,16674.2,16673.1,16773.2,16607.2,178730.0,-0.0,166.0,2023-01-03,16674.2,main
2023-01-02,16674.3,16618.4,16766.9,16551.0,136030.0,0.34,215.90000000000146,2023-01-02,16674.3,main
2023-01-01,16618.4,16537.5,16621.9,16499.7,107840.0,0.49,122.20000000000073,2023-01-01,16618.4,main
2022-12-31,16537.4,16607.2,16635.9,16487.3,130440.0,-0.42,148.60000000000218,2022-12-31,16537.4,main
2022-12-30,16607.2,16636.4,16644.4,16360.0,192760.0,-0.18,284.40000000000146,2022-12-30,16607.2,main
2022-12-29,16636.4,16546.2,16659.1,16496.6,181470.0,0.55,162.5,2022-12-29,16636.4,main
2022-12-28,16546.2,16705.9,16781.1,16474.2,217960.0,-0.96,306.8999999999978,2022-12-28,16546.2,main
2022-12-27,16706.1,16918.2,16964.0,16610.1,192180.0,-1.25,353.90000000000146,2022-12-27,16706.1,main
2022-12-26,16918.1,16831.8,16936.1,16799.4,133360.0,0.51,136.6999999999971,2022-12-26,16918.1,main
2022-12-25,16831.8,16835.7,16852.9,16733.0,132890.0,-0.03,119.90000000000146,2022-12-25,16831.8,main
2022-12-24,16837.2,16778.6,16855.8,16777.8,110120.0,0.35,78.0,2022-12-24,16837.2,main
2022-12-23,16779.1,16820.5,16910.7,16768.0,184120.0,-0.25,142.70000000000073,2022-12-23,16779.1,main
2022-12-22,16820.6,16831.8,16862.2,16566.1,198280.0,-0.07,296.1000000000022,2022-12-22,16820.6,main
2022-12-21,16831.8,16902.7,16919.4,16735.0,174340.0,-0.42,184.40000000000146,2022-12-21,16831.8,main
2022-12-20,16902.8,16441.3,17031.3,16400.7,284570.0,2.81,630.5999999999985,2022-12-20,16902.8,main
2022-12-19,16441.3,16741.1,16809.5,16331.2,207930.0,-1.79,478.2999999999993,2022-12-19,16441.3,main
2022-12-18,16741.1,16777.0,16825.7,16666.5,124290.0,-0.21,159.20000000000073,2022-12-18,16741.1,main
2022-12-17,16777.1,16629.0,16794.4,16587.0,164490.0,0.89,207.40000000000146,2022-12-17,16777.1,main
2022-12-16,16629.6,17356.7,17518.5,16542.4,303560.0,-4.19,976.0999999999985,2022-12-16,16629.6,main
2022-12-15,17356.1,17796.4,17846.1,17298.2,263440.0,-2.47,547.8999999999978,2022-12-15,17356.1,main
2022-12-14,17796.4,17778.6,18351.8,17682.1,318980.0,0.1,669.7000000000007,2022-12-14,17796.4,main
2022-12-13,17778.6,17210.9,17951.6,17094.5,328710.0,3.3,857.0999999999985,2022-12-13,17778.6,main
2022-12-12,17210.4,17093.2,17232.5,16878.5,249390.0,0.68,354.0,2022-12-12,17210.4,main
2022-12-11,17093.3,17127.0,17262.9,17080.6,167200.0,-0.2,182.3000000000029,2022-12-11,17093.3,main
2022-12-10,17127.2,17125.7,17220.5,17105.7,148810.0,0.01,114.79999999999927,2022-12-10,17127.2,main
2022-12-09,17125.7,17225.6,17288.6,17082.1,260839.99999999997,-0.58,206.5,2022-12-09,17125.7,main
2022-12-08,17225.7,16835.2,17294.2,16765.8,261640.0,2.32,528.4000000000015,2022-12-08,17225.7,main
2022-12-07,16835.2,17089.4,17126.7,16715.3,244360.0,-1.49,411.40000000000146,2022-12-07,16835.2,main
2022-12-06,17089.3,16966.3,17101.1,16914.9,246190.0,0.72,186.1999999999971,2022-12-06,17089.3,main
2022-12-05,16966.5,17106.9,17395.2,16886.9,268720.0,-0.85,508.2999999999993,2022-12-05,16966.5,main
2022-12-04,17112.6,16884.8,17198.1,16881.6,197120.0,1.35,316.5,2022-12-04,17112.6,main
2022-12-03,16884.5,17093.4,17132.6,16862.1,169290.0,-1.22,270.5,2022-12-03,16884.5,main
2022-12-02,17093.6,16972.2,17096.2,16799.9,227010.0,0.72,296.2999999999993,2022-12-02,17093.6,main
2022-12-01,16972.0,17163.4,17244.7,16868.9,266140.0,-1.12,375.7999999999993,2022-12-01,16972.0,main
2022-11-30,17163.9,16440.8,17215.5,16433.2,348220.0,4.4,782.2999999999993,2022-11-30,17163.9,main
2022-11-29,16440.4,16211.9,16531.4,16100.1,271580.0,1.41,431.3000000000011,2022-11-29,16440.4,main
2022-11-28,16211.7,16426.1,16481.4,16013.5,284840.0,-1.3,467.90000000000146,2022-11-28,16211.7,main
2022-11-27,16425.6,16456.4,16595.4,16414.6,173250.0,-0.19,180.8000000000029,2022-11-27,16425.6,main
2022-11-26,16456.5,16512.3,16686.3,16387.9,194940.0,-0.34,298.3999999999978,2022-11-26,16456.5,main
2022-11-25,16512.3,16600.6,16611.8,16360.9,204070.0,-0.54,250.89999999999964,2022-11-25,16512.3,main
2022-11-24,16601.2,16604.9,16785.6,16472.0,229590.0,-0.14,313.59999999999854,2022-11-24,16601.2,main
2022-11-23,16623.9,16216.9,16677.6,16162.3,305080.0,2.53,515.2999999999993,2022-11-23,16623.9,main
2022-11-22,16212.9,15776.6,16274.6,15620.4,287210.0,2.77,654.2000000000007,2022-11-22,16212.9,main
2022-11-21,15776.2,16278.6,16287.9,15504.2,372150.0,-3.13,783.6999999999989,2022-11-21,15776.2,main
2022-11-20,16286.7,16699.3,16749.3,16209.2,172830.0,-2.47,540.0999999999985,2022-11-20,16286.7,main
2022-11-19,16699.2,16652.2,16814.9,16608.9,114890.0,0.37,206.0,2022-11-19,16699.2,main
2022-11-18,16638.3,16715.4,16846.3,16553.0,241960.0,-0.32,293.2999999999993,2022-11-18,16638.3,main
2022-11-17,16691.2,16540.5,16739.7,16425.8,257000.0,0.91,313.90000000000146,2022-11-17,16691.2,main
2022-11-16,16540.5,16895.4,16993.4,16408.2,295730.0,-2.1,585.2000000000007,2022-11-16,16540.5,main
2022-11-15,16895.1,16615.0,17112.0,16543.9,337150.0,1.69,568.0999999999985,2022-11-15,16895.1,main
2022-11-14,16613.7,16325.0,17158.4,15834.0,442460.0,1.77,1324.4000000000015,2022-11-14,16613.7,main
2022-11-13,16324.5,16803.9,16946.5,16274.9,210800.0,-2.8,671.6000000000004,2022-11-13,16324.5,main
2022-11-12,16795.2,17049.9,17100.8,16633.9,192910.0,-1.49,466.8999999999978,2022-11-12,16795.2,main
2022-11-11,17049.9,17589.1,17679.4,16435.5,466350.0,-3.07,1243.9000000000015,2022-11-11,17049.9,main
2022-11-10,17589.1,15887.0,18138.2,15799.3,720740.0,10.71,2338.9000000000015,2022-11-10,17589.1,main
2022-11-09,15886.9,18538.9,18583.8,15603.3,869570.0,-14.25,2980.5,2022-11-09,15886.9,main
2022-11-08,18527.4,20589.0,20667.5,17260.0,865100.0,-10.01,3407.5,2022-11-08,18527.4,main
2022-11-07,20589.0,20916.3,21055.4,20410.5,414240.0,-1.56,644.9000000000015,2022-11-07,20589.0,main
2022-11-06,20916.3,21298.7,21360.4,20901.0,242260.0,-1.81,459.40000000000146,2022-11-06,20916.3,main
2022-11-05,21301.6,21145.7,21464.7,21084.1,261230.00000000003,0.74,380.6000000000022,2022-11-05,21301.6,main
2022-11-04,21145.9,20206.4,21281.9,20184.6,499500.0,4.65,1097.300000000003,2022-11-04,21145.9,main
2022-11-03,20206.4,20154.0,20384.5,20066.6,347230.0,0.26,317.90000000000146,2022-11-03,20206.4,main
2022-11-02,20154.4,20482.9,20778.3,20065.8,420230.0,-1.61,712.5,2022-11-02,20154.4,main
2022-11-01,20483.5,20496.1,20676.6,20348.1,302720.0,-0.06,328.5,2022-11-01,20483.5,main
2022-10-31,20496.3,20626.0,20822.4,20260.0,327470.0,-0.63,562.4000000000015,2022-10-31,20496.3,main
2022-10-30,20626.3,20809.4,20922.3,20522.5,207630.0,-0.88,399.7999999999993,2022-10-30,20626.3,main
2022-10-29,20809.8,20594.2,21038.1,20561.9,276540.0,1.05,476.1999999999971,2022-10-29,20809.8,main
2022-10-28,20594.4,20293.0,20744.0,20058.2,318900.0,1.49,685.7999999999993,2022-10-28,20594.4,main
2022-10-27,20292.9,20769.5,20867.9,20231.6,365490.0,-2.29,636.3000000000029,2022-10-27,20292.9,main
2022-10-26,20769.5,20086.8,20981.5,20062.9,427990.0,3.42,918.5999999999985,2022-10-26,20769.5,main
2022-10-25,20082.7,19331.8,20406.9,19249.0,371540.0,3.89,1157.9000000000015,2022-10-25,20082.7,main
2022-10-24,19331.5,19571.2,19588.6,19177.2,286940.0,-1.22,411.3999999999978,2022-10-24,19331.5,main
2022-10-23,19571.2,19204.8,19680.9,19092.5,180630.0,1.91,588.4000000000015,2022-10-23,19571.2,main
2022-10-22,19204.8,19162.6,19249.9,19116.1,118240.0,0.22,133.8000000000029,2022-10-22,19204.8,main
2022-10-21,19162.6,19042.9,19245.5,18703.3,294660.0,0.63,542.2000000000007,2022-10-21,19162.6,main
2022-10-20,19042.9,19125.1,19334.5,18935.6,253200.0,-0.42,398.90000000000146,2022-10-20,19042.9,main
2022-10-19,19123.9,19328.2,19358.6,19101.2,209280.0,-1.06,257.3999999999978,2022-10-19,19123.9,main
2022-10-18,19328.2,19548.4,19692.9,19102.8,290070.0,-1.13,590.1000000000022,2022-10-18,19328.2,main
2022-10-17,19548.2,19262.2,19663.5,19163.6,248400.0,1.49,499.90000000000146,2022-10-17,19548.2,main
2022-10-16,19261.9,19068.8,19411.9,19066.0,140950.0,1.01,345.90000000000146,2022-10-16,19261.9,main
2022-10-15,19068.7,19181.7,19218.7,19000.8,123660.0,-0.59,217.90000000000146,2022-10-15,19068.7,main
2022-10-14,19181.8,19379.8,19933.9,19098.6,400450.0,-1.02,835.3000000000029,2022-10-14,19181.8,main
2022-10-13,19379.8,19154.6,19494.4,18207.9,455130.0,1.17,1286.5,2022-10-13,19379.8,main
2022-10-12,19154.8,19058.5,19212.6,19010.6,242180.0,0.5,202.0,2022-10-12,19154.8,main
2022-10-11,19059.1,19134.3,19261.3,18868.7,288570.0,-0.39,392.59999999999854,2022-10-11,19059.1,main
2022-10-10,19134.6,19441.7,19520.7,19057.0,243770.0,-1.58,463.7000000000007,2022-10-10,19134.6,main
2022-10-09,19441.0,19416.3,19552.1,19329.6,127530.0,0.13,222.5,2022-10-09,19441.0,main
2022-10-08,19415.0,19530.2,19612.2,19274.7,113500.0,-0.6,337.5,2022-10-08,19415.0,main
2022-10-07,19531.3,19962.4,20051.4,19352.1,263500.0,-2.13,699.3000000000029,2022-10-07,19531.3,main
2022-10-06,19956.7,20157.5,20436.7,19873.7,370600.0,-1.0,563.0,2022-10-06,19956.7,main
2022-10-05,20157.5,20340.5,20353.8,19761.7,352760.0,-0.9,592.0999999999985,2022-10-05,20157.5,main
2022-10-04,20340.2,19629.7,20436.1,19506.4,368170.0,3.63,929.6999999999971,2022-10-04,20340.2,main
2022-10-03,19628.3,19057.6,19676.0,19001.3,333030.0,3.02,674.7000000000007,2022-10-03,19628.3,main
2022-10-02,19052.2,19311.9,19389.9,18937.3,222820.0,-1.34,452.6000000000022,2022-10-02,19052.2,main
2022-10-01,19311.9,19422.9,19480.3,19172.6,173910.0,-0.57,307.7000000000007,2022-10-01,19311.9,main
2022-09-30,19423.0,19593.4,20174.9,19208.9,490290.0,-0.87,966.0,2022-09-30,19423.0,main
2022-09-29,19593.0,19420.2,19631.5,18877.9,449570.0,0.94,753.5999999999985,2022-09-29,19593.0,main
2022-09-28,19411.0,19083.4,19757.8,18505.3,581190.0,1.73,1252.5,2022-09-28,19411.0,main
2022-09-27,19081.0,19228.8,20361.2,18850.4,660120.0,-0.75,1510.7999999999993,2022-09-27,19081.0,main
2022-09-26,19225.7,18803.1,19304.8,18695.2,516030.0,2.25,609.5999999999985,2022-09-26,19225.7,main
2022-09-25,18803.2,18925.1,19125.1,18659.6,209710.0,-0.64,465.5,2022-09-25,18803.2,main
2022-09-24,18925.2,19288.4,19310.6,18812.0,258500.0,-1.91,498.59999999999854,2022-09-24,18925.2,main
2022-09-23,19293.5,19404.1,19477.3,18554.8,431150.0,-0.57,922.5,2022-09-23,19293.5,main
2022-09-22,19404.0,18488.1,19490.9,18371.0,448630.0,4.95,1119.9000000000015,2022-09-22,19404.0,main
2022-09-21,18489.0,18875.1,19758.4,18191.8,446850.0,-2.03,1566.6000000000022,2022-09-21,18489.0,main
2022-09-20,18872.4,19538.9,19626.3,18742.6,361180.0,-3.41,883.7000000000007,2022-09-20,18872.4,main
2022-09-19,19538.9,19417.4,19666.6,18277.8,423430.0,0.62,1388.7999999999993,2022-09-19,19538.9,main
2022-09-18,19418.8,20113.9,20113.9,19347.7,273110.0,-3.45,766.2000000000007,2022-09-18,19418.8,main
2022-09-17,20113.5,19802.8,20178.6,19761.0,204580.0,1.57,417.59999999999854,2022-09-17,20113.5,main
2022-09-16,19802.4,19701.9,19883.0,19352.9,315590.0,0.51,530.0999999999985,2022-09-16,19802.4,main
2022-09-15,19701.7,20222.3,20321.4,19532.3,358420.0,-2.58,789.1000000000022,2022-09-15,19701.7,main
2022-09-14,20222.5,20175.5,20503.7,19654.2,374220.0,0.23,849.5,2022-09-14,20222.5,main
2022-09-13,20175.5,22395.3,22702.5,19909.6,485320.0,-9.91,2792.9000000000015,2022-09-13,20175.5,main
2022-09-12,22395.3,21836.6,22465.4,21581.6,431980.0,2.57,883.8000000000029,2022-09-12,22395.3,main
2022-09-11,21834.9,21650.4,21836.4,21363.0,297120.0,0.85,473.40000000000146,2022-09-11,21834.9,main
2022-09-10,21650.4,21363.8,21790.6,21139.9,331120.0,1.33,650.6999999999971,2022-09-10,21650.4,main
2022-09-09,21365.2,19318.8,21545.7,19294.1,480370.0,10.6,2251.600000000002,2022-09-09,21365.2,main
2022-09-08,19317.4,19281.5,19444.7,19034.5,291430.0,0.19,410.2000000000007,2022-09-08,19317.4,main
2022-09-07,19281.5,18786.3,19445.9,18548.4,319100.0,2.64,897.5,2022-09-07,19281.5,main
2022-09-06,18786.4,19793.4,20169.3,18723.3,402430.0,-5.09,1446.0,2022-09-06,18786.4,main
2022-09-05,19793.1,19999.9,20042.9,19650.7,238710.0,-1.03,392.2000000000007,2022-09-05,19793.1,main
2022-09-04,19999.9,19832.2,20017.8,19594.7,158270.0,0.85,423.09999999999854,2022-09-04,19999.9,main
2022-09-03,19831.4,19952.8,20043.8,19660.7,157850.0,-0.61,383.09999999999854,2022-09-03,19831.4,main
2022-09-02,19952.7,20131.6,20428.2,19764.7,272220.0,-0.86,663.5,2022-09-02,19952.7,main
2022-09-01,20126.1,20049.9,20202.7,19584.4,275080.0,0.41,618.2999999999993,2022-09-01,20126.1,main
2022-08-31,20043.9,19793.4,20469.1,19793.4,318170.0,1.27,675.6999999999971,2022-08-31,20043.9,main
2022-08-30,19792.6,20295.6,20558.2,19559.7,308410.0,-2.48,998.5,2022-08-30,19792.6,main
2022-08-29,20295.8,19551.3,20394.5,19551.2,248040.0,3.81,843.2999999999993,2022-08-29,20295.8,main
2022-08-28,19550.2,20034.2,20150.8,19542.9,159600.0,-2.41,607.8999999999978,2022-08-28,19550.2,main
2022-08-27,20033.9,20249.9,20343.6,19849.8,187340.0,-1.07,493.7999999999993,2022-08-27,20033.9,main
2022-08-26,20249.9,21564.2,21815.3,20122.4,322160.0,-6.1,1692.8999999999978,2022-08-26,20249.9,main
2022-08-25,21565.4,21365.4,21801.2,21324.8,190150.0,0.94,476.40000000000146,2022-08-25,21565.4,main
2022-08-24,21365.2,21516.2,21832.3,21171.1,202400.0,-0.71,661.2000000000007,2022-08-24,21365.2,main
2022-08-23,21517.2,21416.5,21661.0,20919.6,228650.0,0.47,741.4000000000015,2022-08-23,21517.2,main
2022-08-22,21416.3,21516.8,21517.4,20912.1,251830.0,-0.47,605.3000000000029,2022-08-22,21416.3,main
2022-08-21,21517.2,21138.9,21692.4,21077.4,177520.0,1.79,615.0,2022-08-21,21517.2,main
2022-08-20,21138.9,20830.7,21357.4,20784.8,206940.0,1.48,572.6000000000022,2022-08-20,21138.9,main
2022-08-19,20831.3,23201.6,23202.3,20807.8,339470.0,-10.22,2394.5,2022-08-19,20831.3,main
2022-08-18,23203.6,23337.7,23578.0,23131.3,160970.0,-0.58,446.7000000000007,2022-08-18,23203.6,main
2022-08-17,23338.0,23855.8,24423.5,23191.6,239530.0,-2.17,1231.9000000000015,2022-08-17,23338.0,main
2022-08-16,23856.8,24102.6,24240.8,23693.8,201700.0,-1.02,547.0,2022-08-16,23856.8,main
2022-08-15,24101.7,24303.3,25205.7,23784.5,279280.0,-0.83,1421.2000000000007,2022-08-15,24101.7,main
2022-08-14,24302.8,24442.1,24997.3,24172.2,177250.0,-0.57,825.0999999999985,2022-08-14,24302.8,main
2022-08-13,24442.5,24398.9,24882.9,24318.7,170590.0,0.18,564.2000000000007,2022-08-13,24442.5,main
2022-08-12,24398.7,23935.3,24440.8,23616.4,194960.0,1.94,824.3999999999978,2022-08-12,24398.7,main
2022-08-11,23935.3,23963.3,24873.5,23864.0,285360.0,-0.12,1009.5,2022-08-11,23935.3,main
2022-08-10,23962.9,23150.3,24209.9,22714.7,243610.0,3.53,1495.2000000000007,2022-08-10,23962.9,main
2022-08-09,23146.7,23818.1,23912.0,22886.5,169620.0,-2.81,1025.5,2022-08-09,23146.7,main
2022-08-08,23816.3,23175.3,24234.1,23160.6,197940.0,2.77,1073.5,2022-08-08,23816.3,main
2022-08-07,23175.3,22944.2,23387.7,22852.3,99360.0,1.01,535.4000000000015,2022-08-07,23175.3,main
2022-08-06,22944.2,23308.2,23344.4,22923.6,94440.0,-1.56,420.8000000000029,2022-08-06,22944.2,main
2022-08-05,23308.2,22613.3,23447.6,22593.5,208900.0,3.08,854.0999999999985,2022-08-05,23308.2,main
2022-08-04,22612.1,22822.2,23214.5,22438.7,181190.0,-0.91,775.7999999999993,2022-08-04,22612.1,main
2022-08-03,22820.8,22988.7,23623.7,22698.6,174660.0,-0.73,925.1000000000022,2022-08-03,22820.8,main
2022-08-02,22988.6,23271.1,23423.3,22670.8,177300.0,-1.21,752.5,2022-08-02,22988.6,main
2022-08-01,23271.2,23303.4,23484.4,22863.8,162330.0,-0.14,620.6000000000022,2022-08-01,23271.2,main
2022-07-31,23303.4,23634.2,24179.3,23236.2,138840.0,-1.4,943.0999999999985,2022-07-31,23303.4,main
2022-07-30,23634.2,23774.2,24605.3,23521.8,168720.0,-0.59,1083.5,2022-07-30,23634.2,main
2022-07-29,23774.3,23850.2,24340.0,23451.4,221660.0,-0.32,888.5999999999985,2022-07-29,23774.3,main
2022-07-28,23850.0,22957.7,24190.5,22611.6,268320.0,3.88,1578.9000000000015,2022-07-28,23850.0,main
2022-07-27,22958.3,21248.0,23027.8,21047.5,242660.0,8.05,1980.2999999999993,2022-07-27,22958.3,main
2022-07-26,21248.7,21301.6,21322.3,20737.3,201570.0,-0.25,585.0,2022-07-26,21248.7,main
2022-07-25,21301.9,22582.3,22653.3,21275.4,206930.0,-5.67,1377.8999999999978,2022-07-25,21301.9,main
2022-07-24,22582.1,22449.8,22987.9,22281.3,126660.0,0.54,706.6000000000022,2022-07-24,22582.1,main
2022-07-23,22460.4,22683.6,22991.0,21971.7,137420.0,-0.95,1019.2999999999993,2022-07-23,22460.4,main
2022-07-22,22675.2,23150.0,23741.4,22524.2,197540.0,-2.06,1217.2000000000007,2022-07-22,22675.2,main
2022-07-21,23153.0,23219.9,23403.8,22360.2,217080.0,-0.27,1043.5999999999985,2022-07-21,23153.0,main
2022-07-20,23215.2,23412.0,24258.0,22944.4,281310.0,-0.83,1313.5999999999985,2022-07-20,23215.2,main
2022-07-19,23410.2,22529.3,23757.3,21581.8,308910.0,3.93,2175.5,2022-07-19,23410.2,main
2022-07-18,22525.8,20785.6,22714.9,20770.6,279720.0,8.37,1944.300000000003,2022-07-18,22525.8,main
2022-07-17,20785.6,21209.8,21654.4,20755.2,132810.0,-2.0,899.2000000000007,2022-07-17,20785.6,main
2022-07-16,21209.9,20825.2,21561.3,20484.4,136890.0,1.85,1076.8999999999978,2022-07-16,21209.9,main
2022-07-15,20825.1,20586.1,21178.1,20393.4,164670.0,1.16,784.6999999999971,2022-07-15,20825.1,main
2022-07-14,20586.0,20250.0,20862.2,19664.9,205280.0,1.66,1197.2999999999993,2022-07-14,20586.0,main
2022-07-13,20250.0,19331.6,20250.8,18942.2,249380.0,4.75,1308.5999999999985,2022-07-13,20250.0,main
2022-07-12,19330.9,19963.2,20051.7,19279.6,167910.0,-3.17,772.1000000000022,2022-07-12,19330.9,main
2022-07-11,19963.2,20847.2,20855.0,19897.0,160200.0,-4.24,958.0,2022-07-11,19963.2,main
2022-07-10,20847.4,21587.4,21599.2,20689.7,204680.0,-3.43,909.5,2022-07-10,20847.4,main
2022-07-09,21587.5,21610.4,21944.1,21338.4,190110.0,-0.11,605.6999999999971,2022-07-09,21587.5,main
2022-07-08,21611.2,21637.1,22482.1,21207.0,439900.0,-0.12,1275.0999999999985,2022-07-08,21611.2,main
2022-07-07,21637.8,20557.9,21817.8,20282.7,115810.0,5.24,1535.0999999999985,2022-07-07,21637.8,main
2022-07-06,20561.1,20180.4,20654.9,19785.3,105240.0,1.78,869.6000000000022,2022-07-06,20561.1,main
2022-07-05,20200.6,20215.8,20706.9,19315.4,122430.0,-0.08,1391.5,2022-07-05,20200.6,main
2022-07-04,20215.8,19310.6,20303.8,19052.5,92790.0,4.69,1251.2999999999993,2022-07-04,20215.8,main
2022-07-03,19309.9,19243.4,19626.4,18794.4,65269.99999999999,0.35,832.0,2022-07-03,19309.9,main
2022-07-02,19243.2,19275.4,19425.4,19006.4,58570.0,-0.1,419.0,2022-07-02,19243.2,main
2022-07-01,19262.9,19926.6,20785.6,18980.1,150180.0,-3.33,1805.5,2022-07-01,19262.9,main
2022-06-30,19926.6,20111.3,20155.1,18682.7,127730.0,-0.92,1472.3999999999978,2022-06-30,19926.6,main
2022-06-29,20111.3,20278.0,20415.8,19880.7,98970.0,-0.82,535.0999999999985,2022-06-29,20111.3,main
2022-06-28,20278.0,20727.9,21200.2,20210.5,83830.0,-2.18,989.7000000000007,2022-06-28,20278.0,main
2022-06-27,20730.2,21037.7,21497.5,20568.0,84690.0,-1.49,929.5,2022-06-27,20730.2,main
2022-06-26,21043.5,21489.9,21837.4,20989.7,67210.0,-2.08,847.7000000000007,2022-06-26,21043.5,main
2022-06-25,21489.9,21226.9,21553.4,20917.5,66630.0,1.24,635.9000000000015,2022-06-25,21489.9,main
2022-06-24,21226.9,21100.9,21488.7,20743.9,104560.0,0.6,744.7999999999993,2022-06-24,21226.9,main
2022-06-23,21100.7,19967.3,21189.8,19907.5,110700.0,5.68,1282.2999999999993,2022-06-23,21100.7,main
2022-06-22,19965.8,20720.2,20864.3,19780.2,125940.0,-3.64,1084.0999999999985,2022-06-22,19965.8,main
2022-06-21,20720.4,20571.6,21689.3,20371.7,136320.0,0.72,1317.5999999999985,2022-06-21,20720.4,main
2022-06-20,20572.3,20576.9,20996.8,19658.8,140600.0,-0.02,1338.0,2022-06-20,20572.3,main
2022-06-19,20577.2,18983.4,20763.5,17983.7,169390.0,8.38,2779.7999999999993,2022-06-19,20577.2,main
2022-06-18,18986.5,20446.4,20744.7,17630.5,267250.0,-7.13,3114.2000000000007,2022-06-18,18986.5,main
2022-06-17,20444.6,20391.3,21315.4,20244.1,136270.0,0.28,1071.300000000003,2022-06-17,20444.6,main
2022-06-16,20386.6,22577.9,22942.1,20231.1,144000.0,-9.71,2711.0,2022-06-16,20386.6,main
2022-06-15,22577.9,22137.5,22754.4,20125.8,280410.0,1.9,2628.600000000002,2022-06-15,22577.9,main
2022-06-14,22157.3,22449.1,23200.3,20860.9,251010.0,-1.29,2339.399999999998,2022-06-14,22157.3,main
2022-06-13,22448.0,26606.3,26857.6,22006.3,379260.0,-15.63,4851.299999999999,2022-06-13,22448.0,main
2022-06-12,26606.3,28404.0,28534.8,26606.3,120020.0,-6.33,1928.5,2022-06-12,26606.3,main
2022-06-11,28403.4,29083.3,29426.6,28161.8,82920.0,-2.34,1264.7999999999993,2022-06-11,28403.4,main
2022-06-10,29083.3,30097.4,30325.6,28884.9,104260.0,-3.37,1440.699999999997,2022-06-10,29083.3,main
2022-06-09,30097.8,30202.1,30691.4,29953.8,61720.0,-0.34,737.6000000000022,2022-06-09,30097.8,main
2022-06-08,30201.6,31127.2,31312.1,29874.8,87960.0,-2.98,1437.2999999999993,2022-06-08,30201.6,main
2022-06-07,31128.8,31370.3,31556.6,29235.0,140320.0,-0.76,2321.5999999999985,2022-06-07,31128.8,main
2022-06-06,31367.6,29911.2,31753.4,29888.6,94010.0,4.86,1864.800000000003,2022-06-06,31367.6,main
2022-06-05,29913.0,29865.1,30166.9,29539.0,30330.0,0.16,627.9000000000015,2022-06-05,29913.0,main
2022-06-04,29864.3,29700.9,29963.8,29489.5,33510.0,0.55,474.2999999999993,2022-06-04,29864.3,main
2022-06-03,29700.9,30455.7,30674.8,29330.8,72130.0,-2.48,1344.0,2022-06-03,29700.9,main
2022-06-02,30455.5,29798.6,30638.5,29604.4,81400.0,2.2,1034.0999999999985,2022-06-02,30455.5,main
2022-06-01,29798.5,31793.1,31969.9,29396.6,135090.0,-6.27,2573.300000000003,2022-06-01,29798.5,main
2022-05-31,31793.4,31730.2,32377.5,31221.2,86600.0,0.22,1156.2999999999993,2022-05-31,31793.4,main
2022-05-30,31723.3,29465.2,32185.6,29307.2,129560.0,7.66,2878.399999999998,2022-05-30,31723.3,main
2022-05-29,29465.2,29027.1,29556.5,28838.7,36870.0,1.51,717.7999999999993,2022-05-29,29465.2,main
2022-05-28,29027.1,28620.1,29194.4,28537.2,43870.0,1.49,657.2000000000007,2022-05-28,29027.1,main
2022-05-27,28601.2,29194.0,29377.1,28282.2,116410.0,-2.06,1094.8999999999978,2022-05-27,28601.2,main
2022-05-26,29203.5,29537.9,29868.9,28077.9,126710.0,-1.14,1791.0,2022-05-26,29203.5,main
2022-05-25,29540.6,29648.7,30202.3,29353.5,78850.0,-0.36,848.7999999999993,2022-05-25,29540.6,main
2022-05-24,29648.7,29091.6,29810.8,28706.1,79420.0,1.91,1104.7000000000007,2022-05-24,29648.7,main
2022-05-23,29093.3,30287.3,30644.8,28913.6,92100.0,-3.94,1731.2000000000007,2022-05-23,29093.3,main
2022-05-22,30286.6,29433.0,30462.0,29260.1,50600.0,2.89,1201.9000000000015,2022-05-22,30286.6,main
2022-05-21,29434.6,29188.7,29623.2,28953.9,32270.000000000004,0.88,669.2999999999993,2022-05-21,29434.6,main
2022-05-20,29178.6,30305.9,30735.1,28738.5,98780.0,-3.72,1996.5999999999985,2022-05-20,29178.6,main
2022-05-19,30305.9,28700.4,30525.1,28682.1,101380.0,5.66,1843.0,2022-05-19,30305.9,main
2022-05-18,28683.7,30437.5,30687.9,28648.1,92030.0,-5.76,2039.800000000003,2022-05-18,28683.7,main
2022-05-17,30437.5,29856.7,30720.1,29484.5,79630.0,1.97,1235.5999999999985,2022-05-17,30437.5,main
2022-05-16,29849.0,31308.3,31312.4,29135.8,100250.0,-4.66,2176.600000000002,2022-05-16,29849.0,main
2022-05-15,31308.7,30078.6,31383.8,29499.4,65440.0,4.08,1884.3999999999978,2022-05-15,31308.7,main
2022-05-14,30080.4,29285.2,30277.4,28666.7,70460.0,2.72,1610.7000000000007,2022-05-14,30080.4,main
2022-05-13,29284.4,28994.3,31002.7,28755.0,141230.0,1.06,2247.7000000000007,2022-05-13,29284.4,main
2022-05-12,28976.0,29073.4,30136.7,26500.5,309480.0,-0.32,3636.2000000000007,2022-05-12,28976.0,main
2022-05-11,29068.2,31008.0,32113.6,27835.5,296900.0,-6.25,4278.0999999999985,2022-05-11,29068.2,main
2022-05-10,31007.5,30098.2,32621.2,29831.0,235610.0,3.03,2790.2000000000007,2022-05-10,31007.5,main
2022-05-09,30095.0,34041.0,34227.0,30095.0,268090.0,-11.64,4132.0,2022-05-09,30095.0,main
2022-05-08,34060.0,35468.0,35497.0,33727.0,671050000.0,-3.97,1770.0,2022-05-08,34060.0,main
2022-05-07,35468.0,36003.0,36119.0,34773.0,288860000.0,-1.5,1346.0,2022-05-07,35468.0,main
2022-05-06,36009.0,36540.0,36646.0,35267.0,752840000.0,-1.46,1379.0,2022-05-06,36009.0,main
2022-05-05,36544.0,39686.0,39833.0,36183.0,,-7.92,3650.0,2022-05-05,36544.0,main
2022-05-04,39688.0,37717.0,40021.0,37660.0,691490000.0,5.22,2361.0,2022-05-04,39688.0,main
2022-05-03,37718.0,38515.0,38647.0,37513.0,367210000.0,-2.07,1134.0,2022-05-03,37718.0,main
2022-05-02,38514.0,38472.0,39134.0,38061.0,580790000.0,0.14,1073.0,2022-05-02,38514.0,main
2022-05-01,38461.0,37642.0,38676.0,37397.0,276990000.0,2.15,1279.0,2022-05-01,38461.0,main
2022-04-30,37650.0,38590.0,38776.0,37596.0,248220000.0,-2.41,1180.0,2022-04-30,37650.0,main
2022-04-29,38581.0,39748.0,39919.0,38175.0,382900000.0,-2.94,1744.0,2022-04-29,38581.0,main
2022-04-28,39748.0,39243.0,40382.0,38888.0,542390000.0,1.29,1494.0,2022-04-28,39748.0,main
2022-04-27,39243.0,38113.0,39447.0,37869.0,426830000.0,2.96,1578.0,2022-04-27,39243.0,main
2022-04-26,38113.0,40443.0,40770.0,37708.0,681470000.0,-5.72,3062.0,2022-04-26,38113.0,main
2022-04-25,40427.0,39464.0,40599.0,38233.0,654600000.0,2.44,2366.0,2022-04-25,40427.0,main
2022-04-24,39464.0,39434.0,39929.0,39033.0,283630000.0,0.12,896.0,2022-04-24,39464.0,main
2022-04-23,39418.0,39709.0,39973.0,39291.0,190600000.0,-0.73,682.0,2022-04-23,39418.0,main
2022-04-22,39709.0,40487.0,40792.0,39200.0,421300000.0,-1.91,1592.0,2022-04-22,39709.0,main
2022-04-21,40482.0,41370.0,42969.0,39793.0,493050000.0,-2.14,3176.0,2022-04-21,40482.0,main
2022-04-20,41368.0,41499.0,42203.0,40915.0,382840000.0,-0.33,1288.0,2022-04-20,41368.0,main
2022-04-19,41503.0,40809.0,41746.0,40585.0,268279999.99999997,1.72,1161.0,2022-04-19,41503.0,main
2022-04-18,40803.0,39700.0,41095.0,38577.0,484260000.0,2.77,2518.0,2022-04-18,40803.0,main
2022-04-17,39703.0,40382.0,40599.0,39561.0,210010000.0,-1.68,1038.0,2022-04-17,39703.0,main
2022-04-16,40382.0,40571.0,40691.0,40003.0,151310000.0,-0.44,688.0,2022-04-16,40382.0,main
2022-04-15,40560.0,39936.0,40850.0,39781.0,233090000.0,1.56,1069.0,2022-04-15,40560.0,main
2022-04-14,39936.0,41133.0,41494.0,39585.0,294290000.0,-2.91,1909.0,2022-04-14,39936.0,main
2022-04-13,41133.0,40072.0,41515.0,39581.0,406700000.0,2.63,1934.0,2022-04-13,41133.0,main
2022-04-12,40078.0,39507.0,40678.0,39265.0,468270000.0,1.47,1413.0,2022-04-12,40078.0,main
2022-04-11,39497.0,42144.0,42418.0,39202.0,608380000.0,-6.27,3216.0,2022-04-11,39497.0,main
2022-04-10,42138.0,42760.0,43421.0,41884.0,255830000.0,-1.47,1537.0,2022-04-10,42138.0,main
2022-04-09,42767.0,42275.0,42809.0,42129.0,165160000.0,1.16,680.0,2022-04-09,42767.0,main
2022-04-08,42275.0,43450.0,43979.0,42113.0,467830000.0,-2.7,1866.0,2022-04-08,42275.0,main
2022-04-07,43448.0,43166.0,43893.0,42747.0,390850000.0,0.64,1146.0,2022-04-07,43448.0,main
2022-04-06,43173.0,45494.0,45519.0,43122.0,649520000.0,-5.13,2397.0,2022-04-06,43173.0,main
2022-04-05,45506.0,46614.0,47201.0,45388.0,421110000.0,-2.41,1813.0,2022-04-05,45506.0,main
2022-04-04,46629.0,46407.0,46899.0,45152.0,446120000.0,0.48,1747.0,2022-04-04,46629.0,main
2022-04-03,46407.0,45813.0,47435.0,45554.0,398860000.0,1.3,1881.0,2022-04-03,46407.0,main
2022-04-02,45811.0,46299.0,47212.0,45641.0,345930000.0,-1.05,1571.0,2022-04-02,45811.0,main
2022-04-01,46297.0,45529.0,46728.0,44261.0,632930000.0,1.7,2467.0,2022-04-01,46297.0,main
2022-03-31,45525.0,47071.0,47624.0,45228.0,520000000.0,-3.29,2396.0,2022-03-31,45525.0,main
2022-03-30,47075.0,47449.0,47714.0,46601.0,467760000.0,-0.79,1113.0,2022-03-30,47075.0,main
2022-03-29,47449.0,47126.0,48127.0,47029.0,478820000.0,0.73,1098.0,2022-03-29,47449.0,main
2022-03-28,47105.0,46859.0,48199.0,46672.0,610270000.0,0.52,1527.0,2022-03-28,47105.0,main
2022-03-27,46859.0,44542.0,46947.0,44445.0,388790000.0,5.19,2502.0,2022-03-27,46859.0,main
2022-03-26,44548.0,44331.0,44818.0,44090.0,196300000.0,0.49,728.0,2022-03-26,44548.0,main
2022-03-25,44331.0,44013.0,45112.0,43622.0,494090000.0,0.72,1490.0,2022-03-25,44331.0,main
2022-03-24,44013.0,42911.0,44251.0,42658.0,491660000.0,2.57,1593.0,2022-03-24,44013.0,main
2022-03-23,42912.0,42373.0,43027.0,41795.0,433960000.0,1.27,1232.0,2022-03-23,42912.0,main
2022-03-22,42373.0,41022.0,43327.9,40893.0,537060000.0,3.29,2434.9000000000015,2022-03-22,42373.0,main
2022-03-21,41022.0,41282.0,41532.0,40530.0,406620000.0,-0.62,1002.0,2022-03-21,41022.0,main
2022-03-20,41276.0,42241.0,42301.0,40922.0,308450000.0,-2.27,1379.0,2022-03-20,41276.0,main
2022-03-19,42233.0,41768.0,42386.0,41529.6,224590000.0,1.11,856.4000000000015,2022-03-19,42233.0,main
2022-03-18,41767.8,40914.6,42308.4,40234.8,,2.08,2073.5999999999985,2022-03-18,41767.8,main
2022-03-17,40914.8,41118.7,41406.0,40557.8,,-0.5,848.1999999999971,2022-03-17,40914.8,main
2022-03-16,41118.7,39282.5,41701.6,38953.2,,4.67,2748.4000000000015,2022-03-16,41118.7,main
2022-03-15,39285.7,39673.0,39854.7,38220.9,,-0.97,1633.7999999999956,2022-03-15,39285.7,main
2022-03-14,39671.1,37789.5,39914.3,37613.6,,4.97,2300.7000000000044,2022-03-14,39671.1,main
2022-03-13,37792.4,38813.2,39272.3,37603.4,,-2.63,1668.9000000000015,2022-03-13,37792.4,main
2022-03-12,38814.3,38730.2,39355.3,38666.5,,0.22,688.8000000000029,2022-03-12,38814.3,main
2022-03-11,38730.2,39422.5,40177.0,38236.4,,-1.74,1940.5999999999985,2022-03-11,38730.2,main
2022-03-10,39416.3,41933.9,42029.1,38603.5,,-5.99,3425.5999999999985,2022-03-10,39416.3,main
2022-03-09,41929.0,38731.5,42538.5,38663.3,,8.22,3875.199999999997,2022-03-09,41929.0,main
2022-03-08,38744.8,38020.6,39351.5,37886.6,,1.89,1464.9000000000015,2022-03-08,38744.8,main
2022-03-07,38024.8,38420.6,39532.0,37182.1,,-0.99,2349.9000000000015,2022-03-07,38024.8,main
2022-03-06,38403.1,39396.3,39668.1,38115.0,,-2.52,1553.0999999999985,2022-03-06,38403.1,main
2022-03-05,39395.8,39142.8,39600.2,38626.1,,0.65,974.0999999999985,2022-03-05,39395.8,main
2022-03-04,39142.7,42463.0,42848.7,38594.9,,-7.82,4253.799999999996,2022-03-04,39142.7,main
2022-03-03,42463.0,43912.8,44077.2,41840.8,74110.0,-3.3,2236.399999999994,2022-03-03,42463.0,main
2022-03-02,43912.8,44420.3,45294.2,43361.3,80820.0,-1.14,1932.8999999999942,2022-03-02,43912.8,main
2022-03-01,44420.3,43187.2,44900.5,42876.6,90670.0,2.85,2023.9000000000015,2022-03-01,44420.3,main
2022-02-28,43188.2,37707.2,43977.8,37458.9,108070.0,14.59,6518.9000000000015,2022-02-28,43188.2,main
2022-02-27,37689.1,39116.6,39838.5,37062.3,66140.0,-3.65,2776.199999999997,2022-02-27,37689.1,main
2022-02-26,39115.5,39221.6,40094.5,38639.1,41550.0,-0.24,1455.4000000000015,2022-02-26,39115.5,main
2022-02-25,39209.6,38339.2,39683.7,38042.6,83780.0,2.27,1641.0999999999985,2022-02-25,39209.6,main
2022-02-24,38339.2,37250.2,39351.6,34357.4,180470.0,2.99,4994.199999999997,2022-02-24,38339.2,main
2022-02-23,37224.6,38248.2,39194.5,37099.5,64840.0,-2.68,2095.0,2022-02-23,37224.6,main
2022-02-22,38248.2,37018.3,38414.9,36399.6,82750.0,3.32,2015.300000000003,2022-02-22,38248.2,main
2022-02-21,37017.7,38355.0,39444.1,36868.9,91820.0,-3.49,2575.199999999997,2022-02-21,37017.7,main
2022-02-20,38355.0,40089.6,40120.3,38042.2,47920.0,-4.33,2078.100000000006,2022-02-20,38355.0,main
2022-02-19,40090.3,40000.1,40434.3,39666.6,25780.0,0.23,767.7000000000044,2022-02-19,40090.3,main
2022-02-18,40000.1,40532.5,40935.5,39505.0,64959.99999999999,-1.36,1430.5,2022-02-18,40000.1,main
2022-02-17,40552.8,43885.5,44167.1,40103.8,72630.0,-7.59,4063.2999999999956,2022-02-17,40552.8,main
2022-02-16,43883.6,44540.9,44552.9,43377.6,41400.0,-1.48,1175.300000000003,2022-02-16,43883.6,main
2022-02-15,44544.4,42550.3,44722.6,42460.1,56340.0,4.69,2262.5,2022-02-15,44544.4,main
2022-02-14,42550.3,42061.1,42799.7,41591.3,53600.0,1.16,1208.3999999999942,2022-02-14,42550.3,main
2022-02-13,42061.1,42205.5,42725.1,41880.1,25880.0,-0.34,845.0,2022-02-13,42061.1,main
2022-02-12,42205.2,42388.4,43006.4,41776.8,37880.0,-0.43,1229.5999999999985,2022-02-12,42205.2,main
2022-02-11,42388.4,43519.3,43915.1,42023.4,69950.0,-2.6,1891.699999999997,2022-02-11,42388.4,main
2022-02-10,43521.0,44388.9,45755.2,43242.5,89690.0,-1.96,2512.699999999997,2022-02-10,43521.0,main
2022-02-09,44388.9,44038.2,44800.4,43163.0,50920.0,0.8,1637.4000000000015,2022-02-09,44388.9,main
2022-02-08,44038.2,43833.9,45399.8,42705.0,92880.0,0.47,2694.800000000003,2022-02-08,44038.2,main
2022-02-07,43833.9,42385.2,44468.3,41695.4,76600.0,3.4,2772.9000000000015,2022-02-07,43833.9,main
2022-02-06,42392.2,41411.9,42614.8,41176.3,31200.0,2.37,1438.5,2022-02-06,42392.2,main
2022-02-05,41412.1,41566.5,41899.8,40963.3,46320.0,-0.37,936.5,2022-02-05,41412.1,main
2022-02-04,41567.6,37287.8,41689.0,37041.1,95490.0,11.48,4647.9000000000015,2022-02-04,41567.6,main
2022-02-03,37287.8,36890.2,37304.3,36297.3,50350.0,1.08,1007.0,2022-02-03,37287.8,main
2022-02-02,36890.2,38711.2,38853.8,36682.3,53740.0,-4.7,2171.5,2022-02-02,36890.2,main
2022-02-01,38709.7,38475.6,39230.0,38037.9,55200.0,0.55,1192.0999999999985,2022-02-01,38709.7,main
2022-01-31,38498.6,37923.8,38701.4,36672.8,61270.0,1.53,2028.5999999999985,2022-01-31,38498.6,main
2022-01-30,37917.7,38167.5,38313.3,37390.6,34100.0,-0.66,922.7000000000044,2022-01-30,37917.7,main
2022-01-29,38170.8,37736.5,38663.7,37350.2,42770.0,1.13,1313.5,2022-01-29,38170.8,main
2022-01-28,37745.1,37195.6,37995.9,36176.5,69450.0,1.56,1819.4000000000015,2022-01-28,37745.1,main
2022-01-27,37164.3,36800.1,37215.4,35543.2,83520.0,0.99,1672.2000000000044,2022-01-27,37164.3,main
2022-01-26,36800.4,36962.3,38862.6,36280.0,107870.0,-0.41,2582.5999999999985,2022-01-26,36800.4,main
2022-01-25,36950.6,36691.3,37501.8,35729.3,79680.0,0.72,1772.5,2022-01-25,36950.6,main
2022-01-24,36686.3,36268.6,37424.0,32985.6,153770.0,1.15,4438.4000000000015,2022-01-24,36686.3,main
2022-01-23,36269.5,35072.9,36513.0,34655.2,70430.0,3.4,1857.800000000003,2022-01-23,36269.5,main
2022-01-22,35075.2,36467.7,36749.8,34116.0,138090.0,-3.84,2633.800000000003,2022-01-22,35075.2,main
2022-01-21,36475.5,40698.1,41104.6,35503.9,155800.0,-10.41,5600.699999999997,2022-01-21,36475.5,main
2022-01-20,40715.9,41683.6,43487.1,40568.3,65280.0,-2.31,2918.7999999999956,2022-01-20,40715.9,main
2022-01-19,41677.8,42365.3,42558.0,41160.9,53770.0,-1.62,1397.0999999999985,2022-01-19,41677.8,main
2022-01-18,42364.6,42209.9,42674.2,41300.7,47320.0,0.37,1373.5,2022-01-18,42364.6,main
2022-01-17,42209.3,43080.5,43179.6,41559.4,41440.0,-2.02,1620.199999999997,2022-01-17,42209.3,main
2022-01-16,43079.1,43079.2,43462.0,42643.3,28660.0,-0.04,818.6999999999971,2022-01-16,43079.1,main
2022-01-15,43097.0,43073.6,43777.9,42586.1,31440.0,0.06,1191.800000000003,2022-01-15,43097.0,main
2022-01-14,43073.3,42562.2,43435.1,41848.7,50500.0,1.21,1586.4000000000015,2022-01-14,43073.3,main
